issuer_id,instrument_id,exchange,listing_id,isin,symbol,listing_date,end_date,status,identity_status,predecessor_instrument_id,successor_instrument_id
,ins_33971980adb9108a,NSE,,,360ONE,2015-01-01,,CURRENTLY_ACTIVE,UNRESOLVED,,
,ins_8d71770e7e36a4fc,NSE,,,AARTIIND,2003-01-27,,CURRENTLY_ACTIVE,UNRESOLVED,,
,ins_98f370ab9e4067dc,NSE,,,ABB,2003-01-27,,CURRENTLY_ACTIVE,UNRESOLVED,,
,ins_3ed4365d273d71b8,NSE,,,ABCAPITAL,2017-09-01,,CURRENTLY_ACTIVE,UNRESOLVED,,
,ins_c138f5ab94b5eb5a,NSE,,,ABREL,2003-01-27,,CURRENTLY_ACTIVE,UNRESOLVED,,
,ins_27ba1de251556fec,NSE,,,ADANIENSOL,2015-07-31,,CURRENTLY_ACTIVE,UNRESOLVED,,
,ins_d7a479906e4c750b,NSE,,,ADANIENT,2003-01-01,,CURRENTLY_ACTIVE,UNRESOLVED,,
,ins_946d3aa3d839984b,NSE,,,ADANIGREEN,2018-06-18,,CURRENTLY_ACTIVE,UNRESOLVED,,
,ins_0fa57254d3d11caa,NSE,,,ADANIPORTS,2007-11-27,,CURRENTLY_ACTIVE,UNRESOLVED,,
,ins_bb8e723d663fcc46,NSE,,,ADANIPOWER,2009-08-20,,CURRENTLY_ACTIVE,UNRESOLVED,,
,ins_35d3f8e3c3876497,NSE,,,AEGISLOG,2003-01-27,,CURRENTLY_ACTIVE,UNRESOLVED,,
,ins_4102c4d9378897c5,NSE,,,AFCONS,2024-11-04,,CURRENTLY_ACTIVE,UNRESOLVED,,
,ins_c88bbb2b67de7491,NSE,,,AFFLE,2019-08-08,,CURRENTLY_ACTIVE,UNRESOLVED,,
,ins_4d4079a081f85668,NSE,,,ALKEM,2015-12-23,,CURRENTLY_ACTIVE,UNRESOLVED,,
,ins_aa3179e59f68ba64,NSE,,,AMBER,2018-01-30,,CURRENTLY_ACTIVE,UNRESOLVED,,
,ins_8809373efa1a0515,NSE,,,AMBUJACEM,2003-01-27,,CURRENTLY_ACTIVE,UNRESOLVED,,
,ins_4cf8b2bdbeb97f04,NSE,,,ANANDRATHI,2021-12-14,,CURRENTLY_ACTIVE,UNRESOLVED,,
,ins_cb479957b91a4108,NSE,,,ANANTRAJ,2006-09-27,,CURRENTLY_ACTIVE,UNRESOLVED,,
,ins_3ae7e32135a46439,NSE,,,ANGELONE,2020-10-05,,CURRENTLY_ACTIVE,UNRESOLVED,,
,ins_8355a0062c770cea,NSE,,,APLAPOLLO,2011-12-14,,CURRENTLY_ACTIVE,UNRESOLVED,,
,ins_e4333b7cd98e8382,NSE,,,APOLLOHOSP,2003-01-27,,CURRENTLY_ACTIVE,UNRESOLVED,,
,ins_3f0c38e697ced027,NSE,,,APTUS,2021-08-24,,CURRENTLY_ACTIVE,UNRESOLVED,,
,ins_f56f9b4070d64267,NSE,,,ARE&M,2003-01-27,,CURRENTLY_ACTIVE,UNRESOLVED,,
,ins_bb226c239da648b1,NSE,,,ASHOKLEY,2003-01-27,,CURRENTLY_ACTIVE,UNRESOLVED,,
,ins_8fd60ce1d373f6a0,NSE,,,ASIANPAINT,2003-01-27,,CURRENTLY_ACTIVE,UNRESOLVED,,
,ins_b99a63a30ee0852d,NSE,,,ASTERDM,2018-02-26,,CURRENTLY_ACTIVE,UNRESOLVED,,
,ins_1c64ddd1091a4689,NSE,,,ASTRAL,2007-03-20,,CURRENTLY_ACTIVE,UNRESOLVED,,
,ins_72c37b2c690a3d55,NSE,,,ATGL,2018-11-05,,CURRENTLY_ACTIVE,UNRESOLVED,,
,ins_2f37048e7b3ee292,NSE,,,ATHERENERG,2025-05-06,,CURRENTLY_ACTIVE,UNRESOLVED,,
,ins_a3680a4a6975be6d,NSE,,,AUBANK,2017-07-10,,CURRENTLY_ACTIVE,UNRESOLVED,,
,ins_323e5f4a2d9582d6,NSE,,,AUROPHARMA,2003-01-27,,CURRENTLY_ACTIVE,UNRESOLVED,,
,ins_37047bf28f3c1d16,NSE,,,AXISBANK,2003-01-01,,CURRENTLY_ACTIVE,UNRESOLVED,,
,ins_e6c72f89f38e84b3,NSE,,,BAJAJ-AUTO,2008-05-26,,CURRENTLY_ACTIVE,UNRESOLVED,,
,ins_7d0aeffa9a7dc17d,NSE,,,BAJAJFINSV,2008-05-26,,CURRENTLY_ACTIVE,UNRESOLVED,,
,ins_0fe74c0cd70f1b87,NSE,,,BAJAJHLDNG,2003-01-27,,CURRENTLY_ACTIVE,UNRESOLVED,,
,ins_4faaf82d5dac4fc9,NSE,,,BAJFINANCE,2003-01-27,,CURRENTLY_ACTIVE,UNRESOLVED,,
,ins_37a42367093472d6,NSE,,,BANDHANBNK,2018-03-27,,CURRENTLY_ACTIVE,UNRESOLVED,,
,ins_ad8f8d8917ddf10a,NSE,,,BANKBARODA,2003-01-27,,CURRENTLY_ACTIVE,UNRESOLVED,,
,ins_306f63e67f91e262,NSE,,,BANKINDIA,2003-01-27,,CURRENTLY_ACTIVE,UNRESOLVED,,
,ins_3720b78e3d14f9ee,NSE,,,BDL,2018-03-23,,CURRENTLY_ACTIVE,UNRESOLVED,,
,ins_41d28e05e849305e,NSE,,,BEML,2003-01-27,,CURRENTLY_ACTIVE,UNRESOLVED,,
,ins_969a3e1a67e80f65,NSE,,,BHARATFORG,2003-01-27,,CURRENTLY_ACTIVE,UNRESOLVED,,
,ins_82781f1cdb1cd505,NSE,,,BHARTIARTL,2003-01-01,,CURRENTLY_ACTIVE,UNRESOLVED,,
,ins_a7e4e78e7df2c0e4,NSE,,,BHEL,2003-01-27,,CURRENTLY_ACTIVE,UNRESOLVED,,
,ins_69607ab608ab1f1c,NSE,,,BIOCON,2004-04-07,,CURRENTLY_ACTIVE,UNRESOLVED,,
,ins_62085c85571f7a3e,NSE,,,BLS,2016-06-15,,CURRENTLY_ACTIVE,UNRESOLVED,,
,ins_6b74c59be49a126f,NSE,,,BLUESTARCO,2003-01-27,,CURRENTLY_ACTIVE,UNRESOLVED,,
,ins_2bd2763bc548ab44,NSE,,,BOSCHLTD,2003-01-01,,CURRENTLY_ACTIVE,UNRESOLVED,,
,ins_10f7839c8f99cfb4,NSE,,,BPCL,2003-01-27,,CURRENTLY_ACTIVE,UNRESOLVED,,
,ins_414ec820d12e8776,NSE,,,BRIGADE,2007-12-31,,CURRENTLY_ACTIVE,UNRESOLVED,,
,ins_dc46334ac5af39a9,NSE,,,BRITANNIA,2003-01-27,,CURRENTLY_ACTIVE,UNRESOLVED,,
,ins_45dc57412390e12f,NSE,,,BSE,2017-02-03,,CURRENTLY_ACTIVE,UNRESOLVED,,
,ins_67d07393d947f227,NSE,,,CAMS,2020-10-05,,CURRENTLY_ACTIVE,UNRESOLVED,,
,ins_ff220518430e3eed,NSE,,,CANBK,2003-01-01,,CURRENTLY_ACTIVE,UNRESOLVED,,
,ins_b519febadbd7bc71,NSE,,,CASTROLIND,2007-08-16,,CURRENTLY_ACTIVE,UNRESOLVED,,
,ins_31d59186e04d2147,NSE,,,CDSL,2017-06-30,,CURRENTLY_ACTIVE,UNRESOLVED,,
,ins_2bd8ca90ee1f99fb,NSE,,,CESC,2003-01-27,,CURRENTLY_ACTIVE,UNRESOLVED,,
,ins_72880015a750f2f4,NSE,,,CGCL,2010-10-29,,CURRENTLY_ACTIVE,UNRESOLVED,,
,ins_494d9cbcfc85e080,NSE,,,CGPOWER,2003-01-27,,CURRENTLY_ACTIVE,UNRESOLVED,,
,ins_d2e3ec640e9dace7,NSE,,,CHAMBLFERT,2003-01-27,,CURRENTLY_ACTIVE,UNRESOLVED,,
,ins_9123fae8685ad9a6,NSE,,,CHOLAFIN,2003-01-27,,CURRENTLY_ACTIVE,UNRESOLVED,,
,ins_52967442a1dcf314,NSE,,,CHOLAHLDNG,2017-09-25,,CURRENTLY_ACTIVE,UNRESOLVED,,
,ins_2bf5f58b0f8aa78c,NSE,,,CIPLA,2003-01-27,,CURRENTLY_ACTIVE,UNRESOLVED,,
,ins_2362bb3e8f2bfdf4,NSE,,,COALINDIA,2010-11-04,,CURRENTLY_ACTIVE,UNRESOLVED,,
,ins_428747df6aaa9f27,NSE,,,COCHINSHIP,2017-08-11,,CURRENTLY_ACTIVE,UNRESOLVED,,
,ins_4ef5e6b8369542d6,NSE,,,COFORGE,2004-08-30,,CURRENTLY_ACTIVE,UNRESOLVED,,
,ins_e8f1259b3b35b33d,NSE,,,COHANCE,2015-01-01,,CURRENTLY_ACTIVE,UNRESOLVED,,
,ins_7cbef930f1c8977a,NSE,,,COLPAL,2003-01-27,,CURRENTLY_ACTIVE,UNRESOLVED,,
,ins_90c5d4a23efd03a3,NSE,,,CONCOR,2003-01-27,,CURRENTLY_ACTIVE,UNRESOLVED,,
,ins_25781d1196327f42,NSE,,,COROMANDEL,2003-01-27,,CURRENTLY_ACTIVE,UNRESOLVED,,
,ins_c9d876292f1c8216,NSE,,,CREDITACC,2018-08-23,,CURRENTLY_ACTIVE,UNRESOLVED,,
,ins_bd9fb34f91b1749c,NSE,,,CROMPTON,2016-05-13,,CURRENTLY_ACTIVE,UNRESOLVED,,
,ins_d765ee8eff2ef6f5,NSE,,,CUB,2003-01-27,,CURRENTLY_ACTIVE,UNRESOLVED,,
,ins_ef852b52a7327b85,NSE,,,CUMMINSIND,2003-01-27,,CURRENTLY_ACTIVE,UNRESOLVED,,
,ins_bf1dfa3d5aa1b566,NSE,,,DABUR,2003-01-27,,CURRENTLY_ACTIVE,UNRESOLVED,,
,ins_702c5fbe2938273a,NSE,,,DATAPATTNS,2021-12-24,,CURRENTLY_ACTIVE,UNRESOLVED,,
,ins_6071a1245419148f,NSE,,,DEEPAKFERT,2003-01-27,,CURRENTLY_ACTIVE,UNRESOLVED,,
,ins_fe2ce4b21ba9ad60,NSE,,,DELHIVERY,2016-01-18,,CURRENTLY_ACTIVE,UNRESOLVED,,
,ins_6ee54b258312769f,NSE,,,DEVYANI,2021-08-16,,CURRENTLY_ACTIVE,UNRESOLVED,,
,ins_5292e948e84e6ef2,NSE,,,DIVISLAB,2003-03-12,,CURRENTLY_ACTIVE,UNRESOLVED,,
,ins_ad787a02db3d4b51,NSE,,,DIXON,2017-09-18,,CURRENTLY_ACTIVE,UNRESOLVED,,
,ins_3fabcf263ac6be3a,NSE,,,DLF,2007-07-05,,CURRENTLY_ACTIVE,UNRESOLVED,,
,ins_ec54ae1420445091,NSE,,,DMART,2017-03-21,,CURRENTLY_ACTIVE,UNRESOLVED,,
,ins_94251eea62fb5fdf,NSE,,,DRREDDY,2003-01-01,,CURRENTLY_ACTIVE,UNRESOLVED,,
,ins_a8bf9a5a8fd1f92c,NSE,,,EICHERMOT,2003-01-27,,CURRENTLY_ACTIVE,UNRESOLVED,,
,ins_292500b98552bade,NSE,,,ENRIN,2025-06-19,,CURRENTLY_ACTIVE,UNRESOLVED,,
,ins_5461ab3182d6768b,NSE,,,EXIDEIND,2003-01-27,,CURRENTLY_ACTIVE,UNRESOLVED,,
,ins_86b7da220edb19df,NSE,,,FEDERALBNK,2000-01-04,,CURRENTLY_ACTIVE,UNRESOLVED,,
,ins_e619201fc7dd0bbf,NSE,,,FIRSTCRY,2024-08-13,,CURRENTLY_ACTIVE,UNRESOLVED,,
,ins_fac6c6f1fa968039,NSE,,,FIVESTAR,2022-11-21,,CURRENTLY_ACTIVE,UNRESOLVED,,
,ins_6fc6770e0ea8e91b,NSE,,,FORCEMOT,2019-08-20,,CURRENTLY_ACTIVE,UNRESOLVED,,
,ins_0c429a47a4b485ea,NSE,,,FORTIS,2007-05-09,,CURRENTLY_ACTIVE,UNRESOLVED,,
,ins_8f3b1afc46c0ed10,NSE,,,FSL,2007-02-22,,CURRENTLY_ACTIVE,UNRESOLVED,,
,ins_7a9b8b30ade12376,NSE,,,GAIL,2003-01-27,,CURRENTLY_ACTIVE,UNRESOLVED,,
,ins_4cd8092fee63159b,NSE,,,GESHIP,2003-01-27,,CURRENTLY_ACTIVE,UNRESOLVED,,
,ins_2bd1a539292f0b2a,NSE,,,GLAND,2020-11-20,,CURRENTLY_ACTIVE,UNRESOLVED,,
,ins_de47b16bd47e1a18,NSE,,,GLENMARK,2003-01-27,,CURRENTLY_ACTIVE,UNRESOLVED,,
,ins_7aeefa32a9720e00,NSE,,,GMDCLTD,2003-01-27,,CURRENTLY_ACTIVE,UNRESOLVED,,
,ins_8e9b9ac139ba8fb5,NSE,,,GMRAIRPORT,2006-08-21,,CURRENTLY_ACTIVE,UNRESOLVED,,
,ins_e3efa4cab0faeba7,NSE,,,GODFRYPHLP,2003-01-27,,CURRENTLY_ACTIVE,UNRESOLVED,,
,ins_53574d32097483d9,NSE,,,GODREJCP,2003-01-01,,CURRENTLY_ACTIVE,UNRESOLVED,,
,ins_d42d76893c6d7be9,NSE,,,GODREJPROP,2010-01-05,,CURRENTLY_ACTIVE,UNRESOLVED,,
,ins_d31489c7905820c8,NSE,,,GPIL,2006-04-25,,CURRENTLY_ACTIVE,UNRESOLVED,,
,ins_d06d6deec60c8e6c,NSE,,,GRASIM,2003-01-27,,CURRENTLY_ACTIVE,UNRESOLVED,,
,ins_60c850f3cfacf360,NSE,,,GROWW,2025-11-12,,CURRENTLY_ACTIVE,UNRESOLVED,,
,ins_a5bf026ae133226b,NSE,,,GRSE,2018-10-10,,CURRENTLY_ACTIVE,UNRESOLVED,,
,ins_efe040c08fa2b5e9,NSE,,,GVT&D,2008-06-30,,CURRENTLY_ACTIVE,UNRESOLVED,,
,ins_c747ea7bda56f914,NSE,,,HAL,2018-03-28,,CURRENTLY_ACTIVE,UNRESOLVED,,
,ins_fa45fac6cef98da4,NSE,,,HAVELLS,2003-01-01,,CURRENTLY_ACTIVE,UNRESOLVED,,
,ins_a7f275cacf94b237,NSE,,,HBLENGINE,2007-01-04,,CURRENTLY_ACTIVE,UNRESOLVED,,
,ins_153d8d93f96c8978,NSE,,,HCLTECH,2003-01-27,,CURRENTLY_ACTIVE,UNRESOLVED,,
,ins_188bc6aec9e72694,NSE,,,HDFCAMC,2018-08-06,,CURRENTLY_ACTIVE,UNRESOLVED,,
,ins_2da5d9c71a4d678e,NSE,,,HDFCBANK,2003-01-01,,CURRENTLY_ACTIVE,UNRESOLVED,,
,ins_a2d8cb5521f722f1,NSE,,,HDFCLIFE,2017-11-17,,CURRENTLY_ACTIVE,UNRESOLVED,,
,ins_7fcb4ba402b34302,NSE,,,HEROMOTOCO,2003-01-27,,CURRENTLY_ACTIVE,UNRESOLVED,,
,ins_5859c16deaffea81,NSE,,,HINDALCO,2003-01-27,,CURRENTLY_ACTIVE,UNRESOLVED,,
,ins_1b42555fbf086053,NSE,,,HINDCOPPER,2010-01-08,,CURRENTLY_ACTIVE,UNRESOLVED,,
,ins_8023ae29bff1c0c2,NSE,,,HINDPETRO,2003-01-27,,CURRENTLY_ACTIVE,UNRESOLVED,,
,ins_e8f0e439a6dcb753,NSE,,,HINDUNILVR,2003-01-27,,CURRENTLY_ACTIVE,UNRESOLVED,,
,ins_bd8b5d0c4146bade,NSE,,,HINDZINC,2003-01-01,,CURRENTLY_ACTIVE,UNRESOLVED,,
,ins_e82baa0d55116778,NSE,,,HSCL,2007-03-02,,CURRENTLY_ACTIVE,UNRESOLVED,,
,ins_8040b5b7a450d02c,NSE,,,HUDCO,2017-05-19,,CURRENTLY_ACTIVE,UNRESOLVED,,
,ins_ae7e7e4198b54fab,NSE,,,HYUNDAI,2024-10-22,,CURRENTLY_ACTIVE,UNRESOLVED,,
,ins_86914f27235b69a9,NSE,,,ICICIAMC,2025-12-19,,CURRENTLY_ACTIVE,UNRESOLVED,,
,ins_4ea6bcd86a1bba6c,NSE,,,ICICIBANK,2003-01-01,,CURRENTLY_ACTIVE,UNRESOLVED,,
,ins_6fd5df34942fe0b5,NSE,,,ICICIGI,2017-09-27,,CURRENTLY_ACTIVE,UNRESOLVED,,
,ins_724c3cb0b793e170,NSE,,,IDBI,2003-01-27,,CURRENTLY_ACTIVE,UNRESOLVED,,
,ins_1760fc442c45f358,NSE,,,IDEA,2007-03-09,,CURRENTLY_ACTIVE,UNRESOLVED,,
,ins_8a0acf96ce75ea70,NSE,,,IDFCFIRSTB,2015-11-06,,CURRENTLY_ACTIVE,UNRESOLVED,,
,ins_0ce8908c4d9cc6e9,NSE,,,IFCI,2003-01-27,,CURRENTLY_ACTIVE,UNRESOLVED,,
,ins_e4575b7d2315aba4,NSE,,,IGL,2003-12-26,,CURRENTLY_ACTIVE,UNRESOLVED,,
,ins_9c0a5adc8faf2b22,NSE,,,IIFL,2005-05-17,,CURRENTLY_ACTIVE,UNRESOLVED,,
,ins_012fdcadffe102b4,NSE,,,IKS,2024-12-19,,CURRENTLY_ACTIVE,UNRESOLVED,,
,ins_80b90d885029aa43,NSE,,,INDHOTEL,2003-01-27,,CURRENTLY_ACTIVE,UNRESOLVED,,
,ins_19aaf0e383288844,NSE,,,INDIANB,2007-03-01,,CURRENTLY_ACTIVE,UNRESOLVED,,
,ins_85ada67fa74145ba,NSE,,,INDUSINDBK,2003-01-27,,CURRENTLY_ACTIVE,UNRESOLVED,,
,ins_53146f118e00decb,NSE,,,INDUSTOWER,2012-12-28,,CURRENTLY_ACTIVE,UNRESOLVED,,
,ins_2c858c7419d3542a,NSE,,,INFY,2003-01-01,,CURRENTLY_ACTIVE,UNRESOLVED,,
,ins_d830e1dfef109459,NSE,,,INOXWIND,2015-04-09,,CURRENTLY_ACTIVE,UNRESOLVED,,
,ins_aa29f93662aaa30f,NSE,,,IOC,2003-01-27,,CURRENTLY_ACTIVE,UNRESOLVED,,
,ins_91884f1e02ffb584,NSE,,,IRCON,2018-09-28,,CURRENTLY_ACTIVE,UNRESOLVED,,
,ins_ec8b23f49c3b0a2b,NSE,,,IRCTC,2019-10-14,,CURRENTLY_ACTIVE,UNRESOLVED,,
,ins_2185d2a142408f66,NSE,,,IREDA,2023-11-29,,CURRENTLY_ACTIVE,UNRESOLVED,,
,ins_c36fabf34cb2a234,NSE,,,IRFC,2021-01-29,,CURRENTLY_ACTIVE,UNRESOLVED,,
,ins_e7499b36e6efe223,NSE,,,ITC,2003-01-01,,CURRENTLY_ACTIVE,UNRESOLVED,,
,ins_12c0a5140a9486bd,NSE,,,ITI,2003-01-01,,CURRENTLY_ACTIVE,UNRESOLVED,,
,ins_fad41fa569892de0,NSE,,,JBMA,2004-12-17,,CURRENTLY_ACTIVE,UNRESOLVED,,
,ins_e86bb7ef53fc6701,NSE,,,JINDALSTEL,2003-01-01,,CURRENTLY_ACTIVE,UNRESOLVED,,
,ins_cbf7e9bebb76b548,NSE,,,JMFINANCIL,2003-01-01,,CURRENTLY_ACTIVE,UNRESOLVED,,
,ins_96fd404bc64a0a90,NSE,,,JSWCEMENT,2025-08-14,,CURRENTLY_ACTIVE,UNRESOLVED,,
,ins_4ce42a89fd2a48c0,NSE,,,JSWENERGY,2010-01-04,,CURRENTLY_ACTIVE,UNRESOLVED,,
,ins_be3c23ebaa588e43,NSE,,,JSWSTEEL,2005-03-23,,CURRENTLY_ACTIVE,UNRESOLVED,,
,ins_97b60a906d1b5c47,NSE,,,JUBLFOOD,2010-02-08,,CURRENTLY_ACTIVE,UNRESOLVED,,
,ins_cc56dfed339bb8ba,NSE,,,JYOTICNC,2024-01-16,,CURRENTLY_ACTIVE,UNRESOLVED,,
,ins_031bcf10262a1a50,NSE,,,KALYANKJIL,2021-03-26,,CURRENTLY_ACTIVE,UNRESOLVED,,
,ins_1ee5a72e772e7db9,NSE,,,KARURVYSYA,2003-01-01,,CURRENTLY_ACTIVE,UNRESOLVED,,
,ins_1c1f3b8dc4109a24,NSE,,,KAYNES,2022-11-22,,CURRENTLY_ACTIVE,UNRESOLVED,,
,ins_acbff2ab24d8e466,NSE,,,KEC,2006-03-10,,CURRENTLY_ACTIVE,UNRESOLVED,,
,ins_4d2604804226bc56,NSE,,,KEI,2006-03-23,,CURRENTLY_ACTIVE,UNRESOLVED,,
,ins_9cb0cf5626c4bffe,NSE,,,KFINTECH,2022-12-29,,CURRENTLY_ACTIVE,UNRESOLVED,,
,ins_b523910ab6e3c340,NSE,,,KOTAKBANK,2003-01-01,,CURRENTLY_ACTIVE,UNRESOLVED,,
,ins_dc4a71125b5290b7,NSE,,,KPITTECH,2019-04-22,,CURRENTLY_ACTIVE,UNRESOLVED,,
,ins_6e82f95cd513c57f,NSE,,,LALPATHLAB,2015-12-23,,CURRENTLY_ACTIVE,UNRESOLVED,,
,ins_9a61f638757f7a79,NSE,,,LAURUSLABS,2016-12-19,,CURRENTLY_ACTIVE,UNRESOLVED,,
,ins_1bde0ae5c4e89d9c,NSE,,,LENSKART,2025-11-10,,CURRENTLY_ACTIVE,UNRESOLVED,,
,ins_002a76b3e22bd6ad,NSE,,,LGEINDIA,2025-10-14,,CURRENTLY_ACTIVE,UNRESOLVED,,
,ins_50073a7a53218bc5,NSE,,,LICHSGFIN,2003-01-01,,CURRENTLY_ACTIVE,UNRESOLVED,,
,ins_89235f35fa16026b,NSE,,,LODHA,2021-04-19,,CURRENTLY_ACTIVE,UNRESOLVED,,
,ins_e725a2d98b4f6304,NSE,,,LT,2003-01-01,,CURRENTLY_ACTIVE,UNRESOLVED,,
,ins_693bcab03f5d5c35,NSE,,,LTF,2011-08-12,,CURRENTLY_ACTIVE,UNRESOLVED,,
,ins_2df71575deaa71be,NSE,,,LTM,2016-07-21,,CURRENTLY_ACTIVE,UNRESOLVED,,
,ins_6f90db0d832d354e,NSE,,,LUPIN,2003-01-01,,CURRENTLY_ACTIVE,UNRESOLVED,,
,ins_6791cd18c878e190,NSE,,,M&M,2003-01-01,,CURRENTLY_ACTIVE,UNRESOLVED,,
,ins_1611921ae610e331,NSE,,,M&MFIN,2006-03-17,,CURRENTLY_ACTIVE,UNRESOLVED,,
,ins_80cd3d657482d354,NSE,,,MANAPPURAM,2010-06-30,,CURRENTLY_ACTIVE,UNRESOLVED,,
,ins_00bd9bb643189d05,NSE,,,MANKIND,2023-05-09,,CURRENTLY_ACTIVE,UNRESOLVED,,
,ins_dcd950c668b93726,NSE,,,MARICO,2003-01-01,,CURRENTLY_ACTIVE,UNRESOLVED,,
,ins_c9409c111a2d1c33,NSE,,,MARUTI,2003-07-09,,CURRENTLY_ACTIVE,UNRESOLVED,,
,ins_6b5a0ce19db4c414,NSE,,,MAZDOCK,2017-12-04,,CURRENTLY_ACTIVE,UNRESOLVED,,
,ins_501026995b11a999,NSE,,,MCX,2012-03-09,,CURRENTLY_ACTIVE,UNRESOLVED,,
,ins_18906581f1544629,NSE,,,MEESHO,2025-12-10,,CURRENTLY_ACTIVE,UNRESOLVED,,
,ins_4b6f41e0b62c333b,NSE,,,MFSL,2000-05-02,,CURRENTLY_ACTIVE,UNRESOLVED,,
,ins_650aae602d12a247,NSE,,,MOTHERSON,2003-01-01,,CURRENTLY_ACTIVE,UNRESOLVED,,
,ins_1375034844fdf5a5,NSE,,,MOTILALOFS,2007-09-11,,CURRENTLY_ACTIVE,UNRESOLVED,,
,ins_1a7b0392d09fb193,NSE,,,MPHASIS,2003-01-01,,CURRENTLY_ACTIVE,UNRESOLVED,,
,ins_f463ffae6bcebb83,NSE,,,MRF,2003-01-01,,CURRENTLY_ACTIVE,UNRESOLVED,,
,ins_f55272739d75a2ad,NSE,,,MRPL,2003-01-01,,CURRENTLY_ACTIVE,UNRESOLVED,,
,ins_c9b34b0a06ca2105,NSE,,,MUTHOOTFIN,2011-05-06,,CURRENTLY_ACTIVE,UNRESOLVED,,
,ins_a67ed13a3fcb1676,NSE,,,NATCOPHARM,2003-01-01,,CURRENTLY_ACTIVE,UNRESOLVED,,
,ins_788ecf696f6ee4a3,NSE,,,NATIONALUM,2003-01-01,,CURRENTLY_ACTIVE,UNRESOLVED,,
,ins_98acee22ee6dae5b,NSE,,,NAUKRI,2006-11-21,,CURRENTLY_ACTIVE,UNRESOLVED,,
,ins_a96d3b2c3ae7611d,NSE,,,NAVINFLUOR,2007-06-01,,CURRENTLY_ACTIVE,UNRESOLVED,,
,ins_1e2ba25909401a05,NSE,,,NBCC,2012-04-12,,CURRENTLY_ACTIVE,UNRESOLVED,,
,ins_d757f91c09e7ee35,NSE,,,NESTLEIND,2010-01-08,,CURRENTLY_ACTIVE,UNRESOLVED,,
,ins_7936a60c62e50032,NSE,,,NETWEB,2023-07-27,,CURRENTLY_ACTIVE,UNRESOLVED,,
,ins_6b7b16b8cd7a6362,NSE,,,NEULANDLAB,2003-01-01,,CURRENTLY_ACTIVE,UNRESOLVED,,
,ins_87eb5b05d6eeefcf,NSE,,,NH,2016-01-06,,CURRENTLY_ACTIVE,UNRESOLVED,,
,ins_fa96c730c705931e,NSE,,,NHPC,2009-09-01,,CURRENTLY_ACTIVE,UNRESOLVED,,
,ins_43b829f8a03f8005,NSE,,,NMDC,2008-03-03,,CURRENTLY_ACTIVE,UNRESOLVED,,
,ins_6199d60920ce09f0,NSE,,,NTPC,2004-11-05,,CURRENTLY_ACTIVE,UNRESOLVED,,
,ins_4a0cdeb135b35a46,NSE,,,NUVAMA,2023-09-26,,CURRENTLY_ACTIVE,UNRESOLVED,,
,ins_3d5a92ef65813217,NSE,,,NYKAA,2021-11-10,,CURRENTLY_ACTIVE,UNRESOLVED,,
,ins_a82cfd2fb159dfc0,NSE,,,OBEROIRLTY,2010-10-20,,CURRENTLY_ACTIVE,UNRESOLVED,,
,ins_e4ecc7820aa5d5bd,NSE,,,OFSS,2003-01-01,,CURRENTLY_ACTIVE,UNRESOLVED,,
,ins_45518f8f91d197af,NSE,,,OIL,2009-09-30,,CURRENTLY_ACTIVE,UNRESOLVED,,
,ins_580c0e35a8c6cd43,NSE,,,OLAELEC,2024-08-09,,CURRENTLY_ACTIVE,UNRESOLVED,,
,ins_3f74951c53754444,NSE,,,ONGC,2003-01-01,,CURRENTLY_ACTIVE,UNRESOLVED,,
,ins_5dd903dda62b2e8e,NSE,,,PAGEIND,2007-03-16,,CURRENTLY_ACTIVE,UNRESOLVED,,
,ins_2abebf99efd6d55c,NSE,,,PATANJALI,2020-01-27,,CURRENTLY_ACTIVE,UNRESOLVED,,
,ins_5ba3389818c85771,NSE,,,PAYTM,2021-11-18,,CURRENTLY_ACTIVE,UNRESOLVED,,
,ins_f11c3cfd8e697d92,NSE,,,PERSISTENT,2010-04-06,,CURRENTLY_ACTIVE,UNRESOLVED,,
,ins_904f7477d8717d99,NSE,,,PFC,2007-02-23,,CURRENTLY_ACTIVE,UNRESOLVED,,
,ins_10c6b088c5ad938b,NSE,,,PGEL,2011-09-26,,CURRENTLY_ACTIVE,UNRESOLVED,,
,ins_b102d8dc0be25b80,NSE,,,PHOENIXLTD,2007-04-23,,CURRENTLY_ACTIVE,UNRESOLVED,,
,ins_ff39eb6ffcf63357,NSE,,,PIDILITIND,2003-01-01,,CURRENTLY_ACTIVE,UNRESOLVED,,
,ins_bbe8a84e56b339ad,NSE,,,PIIND,2011-06-15,,CURRENTLY_ACTIVE,UNRESOLVED,,
,ins_b47278f90d296edb,NSE,,,PINELABS,2025-11-14,,CURRENTLY_ACTIVE,UNRESOLVED,,
,ins_2ae9ad7cfc1004b8,NSE,,,PIRAMALFIN,2025-11-07,,CURRENTLY_ACTIVE,UNRESOLVED,,
,ins_0b6d6db1d6f81920,NSE,,,PNB,2003-01-01,,CURRENTLY_ACTIVE,UNRESOLVED,,
,ins_4c9b88140f826aa8,NSE,,,PNBHOUSING,2016-11-07,,CURRENTLY_ACTIVE,UNRESOLVED,,
,ins_f203b728ec5f0f92,NSE,,,POLICYBZR,2021-11-15,,CURRENTLY_ACTIVE,UNRESOLVED,,
,ins_6e675b5844535941,NSE,,,POLYCAB,2019-04-16,,CURRENTLY_ACTIVE,UNRESOLVED,,
,ins_085ea6a86e0605ee,NSE,,,POONAWALLA,2004-04-27,,CURRENTLY_ACTIVE,UNRESOLVED,,
,ins_c68c316dd026e084,NSE,,,POWERGRID,2007-10-05,,CURRENTLY_ACTIVE,UNRESOLVED,,
,ins_d45dc3b7aa25a2a7,NSE,,,POWERINDIA,2020-03-30,,CURRENTLY_ACTIVE,UNRESOLVED,,
,ins_4ec0dddb4a5cae26,NSE,,,PPLPHARMA,2022-10-19,,CURRENTLY_ACTIVE,UNRESOLVED,,
,ins_bc50e4a3cda06848,NSE,,,PREMIERENE,2024-09-03,,CURRENTLY_ACTIVE,UNRESOLVED,,
,ins_d71a9ad4951f06f0,NSE,,,PRESTIGE,2010-10-27,,CURRENTLY_ACTIVE,UNRESOLVED,,
,ins_a9136bd20a693e6f,NSE,,,PWL,2025-11-18,,CURRENTLY_ACTIVE,UNRESOLVED,,
,ins_9878a0ffec3a3aab,NSE,,,RADICO,2003-01-01,,CURRENTLY_ACTIVE,UNRESOLVED,,
,ins_0936092f9bdffe45,NSE,,,RAMCOCEM,2003-01-01,,CURRENTLY_ACTIVE,UNRESOLVED,,
,ins_4238c35d616ba393,NSE,,,RBLBANK,2016-08-31,,CURRENTLY_ACTIVE,UNRESOLVED,,
,ins_e8c305ca9a4447da,NSE,,,RECLTD,2008-03-12,,CURRENTLY_ACTIVE,UNRESOLVED,,
,ins_d4ac636cf644191c,NSE,,,REDINGTON,2007-02-15,,CURRENTLY_ACTIVE,UNRESOLVED,,
,ins_90431749177fe9a9,NSE,,,RELIANCE,2000-01-03,,CURRENTLY_ACTIVE,UNRESOLVED,,
,ins_065a38f63d71a624,NSE,,,RPOWER,2008-02-11,,CURRENTLY_ACTIVE,UNRESOLVED,,
,ins_a9f5df7ff95727fc,NSE,,,RVNL,2019-04-11,,CURRENTLY_ACTIVE,UNRESOLVED,,
,ins_0bac70a46c02598c,NSE,,,SAGILITY,2024-11-12,,CURRENTLY_ACTIVE,UNRESOLVED,,
,ins_e0cec0c9fd86910b,NSE,,,SAIL,2003-01-01,,CURRENTLY_ACTIVE,UNRESOLVED,,
,ins_3edaff48d37e62ff,NSE,,,SAILIFE,2024-12-18,,CURRENTLY_ACTIVE,UNRESOLVED,,
,ins_b9ffd81bde5b0af7,NSE,,,SARDAEN,2009-12-03,,CURRENTLY_ACTIVE,UNRESOLVED,,
,ins_1717e34cc7c2365e,NSE,,,SBICARD,2015-01-01,,CURRENTLY_ACTIVE,UNRESOLVED,,
,ins_2bb52ef7d79be5b4,NSE,,,SBILIFE,2017-10-03,,CURRENTLY_ACTIVE,UNRESOLVED,,
,ins_4cafa4ab23254cfe,NSE,,,SBIN,2003-01-01,,CURRENTLY_ACTIVE,UNRESOLVED,,
,ins_75890ec7fceecae8,NSE,,,SHREECEM,2003-01-01,,CURRENTLY_ACTIVE,UNRESOLVED,,
,ins_5c05b6fc5af5ae2b,NSE,,,SHRIRAMFIN,2003-01-01,,CURRENTLY_ACTIVE,UNRESOLVED,,
,ins_4826d9b11a843c1b,NSE,,,SIEMENS,2003-01-01,,CURRENTLY_ACTIVE,UNRESOLVED,,
,ins_35f2989072c74156,NSE,,,SIGNATURE,2023-09-27,,CURRENTLY_ACTIVE,UNRESOLVED,,
,ins_f78571e27981594b,NSE,,,SOLARINDS,2006-04-03,,CURRENTLY_ACTIVE,UNRESOLVED,,
,ins_fb0d5c13b910c2c2,NSE,,,SONACOMS,2021-06-24,,CURRENTLY_ACTIVE,UNRESOLVED,,
,ins_82b4a2ef295b69f3,NSE,,,SRF,2003-01-01,,CURRENTLY_ACTIVE,UNRESOLVED,,
,ins_b257b8876dad008d,NSE,,,STARHEALTH,2016-01-04,,CURRENTLY_ACTIVE,UNRESOLVED,,
,ins_374e980f16fb6a78,NSE,,,SUNPHARMA,2003-01-01,,CURRENTLY_ACTIVE,UNRESOLVED,,
,ins_758fb1454b4dc509,NSE,,,SUPREMEIND,2003-01-01,,CURRENTLY_ACTIVE,UNRESOLVED,,
,ins_6f4c913bc438b8aa,NSE,,,SUZLON,2005-10-19,,CURRENTLY_ACTIVE,UNRESOLVED,,
,ins_c3b17472965f016f,NSE,,,SWANCORP,2012-05-29,,CURRENTLY_ACTIVE,UNRESOLVED,,
,ins_81ab5607169dfca7,NSE,,,SWIGGY,2024-11-13,,CURRENTLY_ACTIVE,UNRESOLVED,,
,ins_7f22a0287c21b5ba,NSE,,,SYNGENE,2015-08-11,,CURRENTLY_ACTIVE,UNRESOLVED,,
,ins_f9ae94ce8f4b33b0,NSE,,,TATACAP,2025-10-13,,CURRENTLY_ACTIVE,UNRESOLVED,,
,ins_f4524e7583309947,NSE,,,TATACHEM,2003-01-01,,CURRENTLY_ACTIVE,UNRESOLVED,,
,ins_6975b21ac1c22f44,NSE,,,TATACOMM,2003-01-01,,CURRENTLY_ACTIVE,UNRESOLVED,,
,ins_525e5b8c6ad62d09,NSE,,,TATAELXSI,2003-01-01,,CURRENTLY_ACTIVE,UNRESOLVED,,
,ins_de95888d0049ca06,NSE,,,TATAINVEST,2003-01-01,,CURRENTLY_ACTIVE,UNRESOLVED,,
,ins_bfa5a16d22a133b6,NSE,,,TATAPOWER,2003-01-01,,CURRENTLY_ACTIVE,UNRESOLVED,,
,ins_0a7439a0ad0c0ca8,NSE,,,TATASTEEL,2003-01-01,,CURRENTLY_ACTIVE,UNRESOLVED,,
,ins_e017cc78a3133ca9,NSE,,,TATATECH,2023-11-30,,CURRENTLY_ACTIVE,UNRESOLVED,,
,ins_7ea0a1c444a2080d,NSE,,,TCS,2004-08-25,,CURRENTLY_ACTIVE,UNRESOLVED,,
,ins_392fc38dd9821771,NSE,,,TECHM,2006-08-28,,CURRENTLY_ACTIVE,UNRESOLVED,,
,ins_e5cd090f2da35e34,NSE,,,TENNIND,2025-11-19,,CURRENTLY_ACTIVE,UNRESOLVED,,
,ins_348b98450230145d,NSE,,,TIINDIA,2017-11-02,,CURRENTLY_ACTIVE,UNRESOLVED,,
,ins_6f8e80cf7eee8b70,NSE,,,TITAN,2003-01-01,,CURRENTLY_ACTIVE,UNRESOLVED,,
,ins_d1426aaa92cfed6c,NSE,,,TMCV,2025-11-12,,CURRENTLY_ACTIVE,UNRESOLVED,,
,ins_b01fcdcc1ee47066,NSE,,,TMPV,2000-01-03,,CURRENTLY_ACTIVE,UNRESOLVED,,
,ins_3e6eb17e755198d6,NSE,,,TORNTPHARM,2003-01-01,,CURRENTLY_ACTIVE,UNRESOLVED,,
,ins_5287d7527ae536b5,NSE,,,TRENT,2003-01-01,,CURRENTLY_ACTIVE,UNRESOLVED,,
,ins_9a829eb36ce83375,NSE,,,TRITURBINE,2011-10-28,,CURRENTLY_ACTIVE,UNRESOLVED,,
,ins_d71f4e407266845a,NSE,,,TVSMOTOR,2003-01-01,,CURRENTLY_ACTIVE,UNRESOLVED,,
,ins_f0514fb227db53a1,NSE,,,ULTRACEMCO,2004-08-24,,CURRENTLY_ACTIVE,UNRESOLVED,,
,ins_06d87c57090bd4c5,NSE,,,UNIONBANK,2003-01-01,,CURRENTLY_ACTIVE,UNRESOLVED,,
,ins_eeaea4acc40a6149,NSE,,,UNITDSPR,2003-01-01,,CURRENTLY_ACTIVE,UNRESOLVED,,
,ins_b8d22c3b8443d958,NSE,,,UPL,2004-01-23,,CURRENTLY_ACTIVE,UNRESOLVED,,
,ins_bd139c6713781400,NSE,,,URBANCO,2025-09-17,,CURRENTLY_ACTIVE,UNRESOLVED,,
,ins_b2ee35bd5949f2c7,NSE,,,VBL,2016-11-08,,CURRENTLY_ACTIVE,UNRESOLVED,,
,ins_7b3d1e822103e83c,NSE,,,VEDL,2003-01-01,,CURRENTLY_ACTIVE,UNRESOLVED,,
,ins_a8ae0ed56f209c44,NSE,,,VMM,2024-12-18,,CURRENTLY_ACTIVE,UNRESOLVED,,
,ins_28d9aa3214d4f123,NSE,,,VOLTAS,2003-01-01,,CURRENTLY_ACTIVE,UNRESOLVED,,
,ins_c78201db462f924f,NSE,,,WAAREEENER,2024-10-28,,CURRENTLY_ACTIVE,UNRESOLVED,,
,ins_918488bbd94e901c,NSE,,,WELCORP,2003-12-04,,CURRENTLY_ACTIVE,UNRESOLVED,,
,ins_9a899038e809e768,NSE,,,WHIRLPOOL,2010-01-08,,CURRENTLY_ACTIVE,UNRESOLVED,,
,ins_d74f337d319f6836,NSE,,,WIPRO,2003-01-01,,CURRENTLY_ACTIVE,UNRESOLVED,,
,ins_d606f85c209c7efd,NSE,,,WOCKPHARMA,2003-01-01,,CURRENTLY_ACTIVE,UNRESOLVED,,
,ins_3477e79c8f149575,NSE,,,YESBANK,2005-07-12,,CURRENTLY_ACTIVE,UNRESOLVED,,
,ins_2fd9e5eca7ca2e82,NSE,,,ZENSARTECH,2003-01-01,,CURRENTLY_ACTIVE,UNRESOLVED,,
,ins_9481e7972eb0d320,NSE,,,ZYDUSLIFE,2003-01-27,,CURRENTLY_ACTIVE,UNRESOLVED,,
