instrument_id,exchange,symbol,valid_from,valid_to,source_id,identity_status
ins_33971980adb9108a,NSE,360ONE,,,local_filename_only,UNRESOLVED
ins_8d71770e7e36a4fc,NSE,AARTIIND,,,local_filename_only,UNRESOLVED
ins_98f370ab9e4067dc,NSE,ABB,,,local_filename_only,UNRESOLVED
ins_3ed4365d273d71b8,NSE,ABCAPITAL,,,local_filename_only,UNRESOLVED
ins_c138f5ab94b5eb5a,NSE,ABREL,,,local_filename_only,UNRESOLVED
ins_27ba1de251556fec,NSE,ADANIENSOL,,,local_filename_only,UNRESOLVED
ins_d7a479906e4c750b,NSE,ADANIENT,,,local_filename_only,UNRESOLVED
ins_946d3aa3d839984b,NSE,ADANIGREEN,,,local_filename_only,UNRESOLVED
ins_0fa57254d3d11caa,NSE,ADANIPORTS,,,local_filename_only,UNRESOLVED
ins_bb8e723d663fcc46,NSE,ADANIPOWER,,,local_filename_only,UNRESOLVED
ins_35d3f8e3c3876497,NSE,AEGISLOG,,,local_filename_only,UNRESOLVED
ins_4102c4d9378897c5,NSE,AFCONS,,,local_filename_only,UNRESOLVED
ins_c88bbb2b67de7491,NSE,AFFLE,,,local_filename_only,UNRESOLVED
ins_4d4079a081f85668,NSE,ALKEM,,,local_filename_only,UNRESOLVED
ins_aa3179e59f68ba64,NSE,AMBER,,,local_filename_only,UNRESOLVED
ins_8809373efa1a0515,NSE,AMBUJACEM,,,local_filename_only,UNRESOLVED
ins_4cf8b2bdbeb97f04,NSE,ANANDRATHI,,,local_filename_only,UNRESOLVED
ins_cb479957b91a4108,NSE,ANANTRAJ,,,local_filename_only,UNRESOLVED
ins_3ae7e32135a46439,NSE,ANGELONE,,,local_filename_only,UNRESOLVED
ins_8355a0062c770cea,NSE,APLAPOLLO,,,local_filename_only,UNRESOLVED
ins_e4333b7cd98e8382,NSE,APOLLOHOSP,,,local_filename_only,UNRESOLVED
ins_3f0c38e697ced027,NSE,APTUS,,,local_filename_only,UNRESOLVED
ins_f56f9b4070d64267,NSE,ARE&M,,,local_filename_only,UNRESOLVED
ins_bb226c239da648b1,NSE,ASHOKLEY,,,local_filename_only,UNRESOLVED
ins_8fd60ce1d373f6a0,NSE,ASIANPAINT,,,local_filename_only,UNRESOLVED
ins_b99a63a30ee0852d,NSE,ASTERDM,,,local_filename_only,UNRESOLVED
ins_1c64ddd1091a4689,NSE,ASTRAL,,,local_filename_only,UNRESOLVED
ins_72c37b2c690a3d55,NSE,ATGL,,,local_filename_only,UNRESOLVED
ins_2f37048e7b3ee292,NSE,ATHERENERG,,,local_filename_only,UNRESOLVED
ins_a3680a4a6975be6d,NSE,AUBANK,,,local_filename_only,UNRESOLVED
ins_323e5f4a2d9582d6,NSE,AUROPHARMA,,,local_filename_only,UNRESOLVED
ins_37047bf28f3c1d16,NSE,AXISBANK,,,local_filename_only,UNRESOLVED
ins_e6c72f89f38e84b3,NSE,BAJAJ-AUTO,,,local_filename_only,UNRESOLVED
ins_7d0aeffa9a7dc17d,NSE,BAJAJFINSV,,,local_filename_only,UNRESOLVED
ins_0fe74c0cd70f1b87,NSE,BAJAJHLDNG,,,local_filename_only,UNRESOLVED
ins_4faaf82d5dac4fc9,NSE,BAJFINANCE,,,local_filename_only,UNRESOLVED
ins_37a42367093472d6,NSE,BANDHANBNK,,,local_filename_only,UNRESOLVED
ins_ad8f8d8917ddf10a,NSE,BANKBARODA,,,local_filename_only,UNRESOLVED
ins_306f63e67f91e262,NSE,BANKINDIA,,,local_filename_only,UNRESOLVED
ins_3720b78e3d14f9ee,NSE,BDL,,,local_filename_only,UNRESOLVED
ins_41d28e05e849305e,NSE,BEML,,,local_filename_only,UNRESOLVED
ins_969a3e1a67e80f65,NSE,BHARATFORG,,,local_filename_only,UNRESOLVED
ins_82781f1cdb1cd505,NSE,BHARTIARTL,,,local_filename_only,UNRESOLVED
ins_a7e4e78e7df2c0e4,NSE,BHEL,,,local_filename_only,UNRESOLVED
ins_69607ab608ab1f1c,NSE,BIOCON,,,local_filename_only,UNRESOLVED
ins_62085c85571f7a3e,NSE,BLS,,,local_filename_only,UNRESOLVED
ins_6b74c59be49a126f,NSE,BLUESTARCO,,,local_filename_only,UNRESOLVED
ins_2bd2763bc548ab44,NSE,BOSCHLTD,,,local_filename_only,UNRESOLVED
ins_10f7839c8f99cfb4,NSE,BPCL,,,local_filename_only,UNRESOLVED
ins_414ec820d12e8776,NSE,BRIGADE,,,local_filename_only,UNRESOLVED
ins_dc46334ac5af39a9,NSE,BRITANNIA,,,local_filename_only,UNRESOLVED
ins_45dc57412390e12f,NSE,BSE,,,local_filename_only,UNRESOLVED
ins_67d07393d947f227,NSE,CAMS,,,local_filename_only,UNRESOLVED
ins_ff220518430e3eed,NSE,CANBK,,,local_filename_only,UNRESOLVED
ins_b519febadbd7bc71,NSE,CASTROLIND,,,local_filename_only,UNRESOLVED
ins_31d59186e04d2147,NSE,CDSL,,,local_filename_only,UNRESOLVED
ins_2bd8ca90ee1f99fb,NSE,CESC,,,local_filename_only,UNRESOLVED
ins_72880015a750f2f4,NSE,CGCL,,,local_filename_only,UNRESOLVED
ins_494d9cbcfc85e080,NSE,CGPOWER,,,local_filename_only,UNRESOLVED
ins_d2e3ec640e9dace7,NSE,CHAMBLFERT,,,local_filename_only,UNRESOLVED
ins_9123fae8685ad9a6,NSE,CHOLAFIN,,,local_filename_only,UNRESOLVED
ins_52967442a1dcf314,NSE,CHOLAHLDNG,,,local_filename_only,UNRESOLVED
ins_2bf5f58b0f8aa78c,NSE,CIPLA,,,local_filename_only,UNRESOLVED
ins_2362bb3e8f2bfdf4,NSE,COALINDIA,,,local_filename_only,UNRESOLVED
ins_428747df6aaa9f27,NSE,COCHINSHIP,,,local_filename_only,UNRESOLVED
ins_4ef5e6b8369542d6,NSE,COFORGE,,,local_filename_only,UNRESOLVED
ins_e8f1259b3b35b33d,NSE,COHANCE,,,local_filename_only,UNRESOLVED
ins_7cbef930f1c8977a,NSE,COLPAL,,,local_filename_only,UNRESOLVED
ins_90c5d4a23efd03a3,NSE,CONCOR,,,local_filename_only,UNRESOLVED
ins_25781d1196327f42,NSE,COROMANDEL,,,local_filename_only,UNRESOLVED
ins_c9d876292f1c8216,NSE,CREDITACC,,,local_filename_only,UNRESOLVED
ins_bd9fb34f91b1749c,NSE,CROMPTON,,,local_filename_only,UNRESOLVED
ins_d765ee8eff2ef6f5,NSE,CUB,,,local_filename_only,UNRESOLVED
ins_ef852b52a7327b85,NSE,CUMMINSIND,,,local_filename_only,UNRESOLVED
ins_bf1dfa3d5aa1b566,NSE,DABUR,,,local_filename_only,UNRESOLVED
ins_702c5fbe2938273a,NSE,DATAPATTNS,,,local_filename_only,UNRESOLVED
ins_6071a1245419148f,NSE,DEEPAKFERT,,,local_filename_only,UNRESOLVED
ins_fe2ce4b21ba9ad60,NSE,DELHIVERY,,,local_filename_only,UNRESOLVED
ins_6ee54b258312769f,NSE,DEVYANI,,,local_filename_only,UNRESOLVED
ins_5292e948e84e6ef2,NSE,DIVISLAB,,,local_filename_only,UNRESOLVED
ins_ad787a02db3d4b51,NSE,DIXON,,,local_filename_only,UNRESOLVED
ins_3fabcf263ac6be3a,NSE,DLF,,,local_filename_only,UNRESOLVED
ins_ec54ae1420445091,NSE,DMART,,,local_filename_only,UNRESOLVED
ins_94251eea62fb5fdf,NSE,DRREDDY,,,local_filename_only,UNRESOLVED
ins_a8bf9a5a8fd1f92c,NSE,EICHERMOT,,,local_filename_only,UNRESOLVED
ins_292500b98552bade,NSE,ENRIN,,,local_filename_only,UNRESOLVED
ins_5461ab3182d6768b,NSE,EXIDEIND,,,local_filename_only,UNRESOLVED
ins_86b7da220edb19df,NSE,FEDERALBNK,,,local_filename_only,UNRESOLVED
ins_e619201fc7dd0bbf,NSE,FIRSTCRY,,,local_filename_only,UNRESOLVED
ins_fac6c6f1fa968039,NSE,FIVESTAR,,,local_filename_only,UNRESOLVED
ins_6fc6770e0ea8e91b,NSE,FORCEMOT,,,local_filename_only,UNRESOLVED
ins_0c429a47a4b485ea,NSE,FORTIS,,,local_filename_only,UNRESOLVED
ins_8f3b1afc46c0ed10,NSE,FSL,,,local_filename_only,UNRESOLVED
ins_7a9b8b30ade12376,NSE,GAIL,,,local_filename_only,UNRESOLVED
ins_4cd8092fee63159b,NSE,GESHIP,,,local_filename_only,UNRESOLVED
ins_2bd1a539292f0b2a,NSE,GLAND,,,local_filename_only,UNRESOLVED
ins_de47b16bd47e1a18,NSE,GLENMARK,,,local_filename_only,UNRESOLVED
ins_7aeefa32a9720e00,NSE,GMDCLTD,,,local_filename_only,UNRESOLVED
ins_8e9b9ac139ba8fb5,NSE,GMRAIRPORT,,,local_filename_only,UNRESOLVED
ins_e3efa4cab0faeba7,NSE,GODFRYPHLP,,,local_filename_only,UNRESOLVED
ins_53574d32097483d9,NSE,GODREJCP,,,local_filename_only,UNRESOLVED
ins_d42d76893c6d7be9,NSE,GODREJPROP,,,local_filename_only,UNRESOLVED
ins_d31489c7905820c8,NSE,GPIL,,,local_filename_only,UNRESOLVED
ins_d06d6deec60c8e6c,NSE,GRASIM,,,local_filename_only,UNRESOLVED
ins_60c850f3cfacf360,NSE,GROWW,,,local_filename_only,UNRESOLVED
ins_a5bf026ae133226b,NSE,GRSE,,,local_filename_only,UNRESOLVED
ins_efe040c08fa2b5e9,NSE,GVT&D,,,local_filename_only,UNRESOLVED
ins_c747ea7bda56f914,NSE,HAL,,,local_filename_only,UNRESOLVED
ins_fa45fac6cef98da4,NSE,HAVELLS,,,local_filename_only,UNRESOLVED
ins_a7f275cacf94b237,NSE,HBLENGINE,,,local_filename_only,UNRESOLVED
ins_153d8d93f96c8978,NSE,HCLTECH,,,local_filename_only,UNRESOLVED
ins_188bc6aec9e72694,NSE,HDFCAMC,,,local_filename_only,UNRESOLVED
ins_2da5d9c71a4d678e,NSE,HDFCBANK,,,local_filename_only,UNRESOLVED
ins_a2d8cb5521f722f1,NSE,HDFCLIFE,,,local_filename_only,UNRESOLVED
ins_7fcb4ba402b34302,NSE,HEROMOTOCO,,,local_filename_only,UNRESOLVED
ins_5859c16deaffea81,NSE,HINDALCO,,,local_filename_only,UNRESOLVED
ins_1b42555fbf086053,NSE,HINDCOPPER,,,local_filename_only,UNRESOLVED
ins_8023ae29bff1c0c2,NSE,HINDPETRO,,,local_filename_only,UNRESOLVED
ins_e8f0e439a6dcb753,NSE,HINDUNILVR,,,local_filename_only,UNRESOLVED
ins_bd8b5d0c4146bade,NSE,HINDZINC,,,local_filename_only,UNRESOLVED
ins_e82baa0d55116778,NSE,HSCL,,,local_filename_only,UNRESOLVED
ins_8040b5b7a450d02c,NSE,HUDCO,,,local_filename_only,UNRESOLVED
ins_ae7e7e4198b54fab,NSE,HYUNDAI,,,local_filename_only,UNRESOLVED
ins_86914f27235b69a9,NSE,ICICIAMC,,,local_filename_only,UNRESOLVED
ins_4ea6bcd86a1bba6c,NSE,ICICIBANK,,,local_filename_only,UNRESOLVED
ins_6fd5df34942fe0b5,NSE,ICICIGI,,,local_filename_only,UNRESOLVED
ins_724c3cb0b793e170,NSE,IDBI,,,local_filename_only,UNRESOLVED
ins_1760fc442c45f358,NSE,IDEA,,,local_filename_only,UNRESOLVED
ins_8a0acf96ce75ea70,NSE,IDFCFIRSTB,,,local_filename_only,UNRESOLVED
ins_0ce8908c4d9cc6e9,NSE,IFCI,,,local_filename_only,UNRESOLVED
ins_e4575b7d2315aba4,NSE,IGL,,,local_filename_only,UNRESOLVED
ins_9c0a5adc8faf2b22,NSE,IIFL,,,local_filename_only,UNRESOLVED
ins_012fdcadffe102b4,NSE,IKS,,,local_filename_only,UNRESOLVED
ins_80b90d885029aa43,NSE,INDHOTEL,,,local_filename_only,UNRESOLVED
ins_19aaf0e383288844,NSE,INDIANB,,,local_filename_only,UNRESOLVED
ins_85ada67fa74145ba,NSE,INDUSINDBK,,,local_filename_only,UNRESOLVED
ins_53146f118e00decb,NSE,INDUSTOWER,,,local_filename_only,UNRESOLVED
ins_2c858c7419d3542a,NSE,INFY,,,local_filename_only,UNRESOLVED
ins_d830e1dfef109459,NSE,INOXWIND,,,local_filename_only,UNRESOLVED
ins_aa29f93662aaa30f,NSE,IOC,,,local_filename_only,UNRESOLVED
ins_91884f1e02ffb584,NSE,IRCON,,,local_filename_only,UNRESOLVED
ins_ec8b23f49c3b0a2b,NSE,IRCTC,,,local_filename_only,UNRESOLVED
ins_2185d2a142408f66,NSE,IREDA,,,local_filename_only,UNRESOLVED
ins_c36fabf34cb2a234,NSE,IRFC,,,local_filename_only,UNRESOLVED
ins_e7499b36e6efe223,NSE,ITC,,,local_filename_only,UNRESOLVED
ins_12c0a5140a9486bd,NSE,ITI,,,local_filename_only,UNRESOLVED
ins_fad41fa569892de0,NSE,JBMA,,,local_filename_only,UNRESOLVED
ins_e86bb7ef53fc6701,NSE,JINDALSTEL,,,local_filename_only,UNRESOLVED
ins_cbf7e9bebb76b548,NSE,JMFINANCIL,,,local_filename_only,UNRESOLVED
ins_96fd404bc64a0a90,NSE,JSWCEMENT,,,local_filename_only,UNRESOLVED
ins_4ce42a89fd2a48c0,NSE,JSWENERGY,,,local_filename_only,UNRESOLVED
ins_be3c23ebaa588e43,NSE,JSWSTEEL,,,local_filename_only,UNRESOLVED
ins_97b60a906d1b5c47,NSE,JUBLFOOD,,,local_filename_only,UNRESOLVED
ins_cc56dfed339bb8ba,NSE,JYOTICNC,,,local_filename_only,UNRESOLVED
ins_031bcf10262a1a50,NSE,KALYANKJIL,,,local_filename_only,UNRESOLVED
ins_1ee5a72e772e7db9,NSE,KARURVYSYA,,,local_filename_only,UNRESOLVED
ins_1c1f3b8dc4109a24,NSE,KAYNES,,,local_filename_only,UNRESOLVED
ins_acbff2ab24d8e466,NSE,KEC,,,local_filename_only,UNRESOLVED
ins_4d2604804226bc56,NSE,KEI,,,local_filename_only,UNRESOLVED
ins_9cb0cf5626c4bffe,NSE,KFINTECH,,,local_filename_only,UNRESOLVED
ins_b523910ab6e3c340,NSE,KOTAKBANK,,,local_filename_only,UNRESOLVED
ins_dc4a71125b5290b7,NSE,KPITTECH,,,local_filename_only,UNRESOLVED
ins_6e82f95cd513c57f,NSE,LALPATHLAB,,,local_filename_only,UNRESOLVED
ins_9a61f638757f7a79,NSE,LAURUSLABS,,,local_filename_only,UNRESOLVED
ins_1bde0ae5c4e89d9c,NSE,LENSKART,,,local_filename_only,UNRESOLVED
ins_002a76b3e22bd6ad,NSE,LGEINDIA,,,local_filename_only,UNRESOLVED
ins_50073a7a53218bc5,NSE,LICHSGFIN,,,local_filename_only,UNRESOLVED
ins_89235f35fa16026b,NSE,LODHA,,,local_filename_only,UNRESOLVED
ins_e725a2d98b4f6304,NSE,LT,,,local_filename_only,UNRESOLVED
ins_693bcab03f5d5c35,NSE,LTF,,,local_filename_only,UNRESOLVED
ins_2df71575deaa71be,NSE,LTM,,,local_filename_only,UNRESOLVED
ins_6f90db0d832d354e,NSE,LUPIN,,,local_filename_only,UNRESOLVED
ins_6791cd18c878e190,NSE,M&M,,,local_filename_only,UNRESOLVED
ins_1611921ae610e331,NSE,M&MFIN,,,local_filename_only,UNRESOLVED
ins_80cd3d657482d354,NSE,MANAPPURAM,,,local_filename_only,UNRESOLVED
ins_00bd9bb643189d05,NSE,MANKIND,,,local_filename_only,UNRESOLVED
ins_dcd950c668b93726,NSE,MARICO,,,local_filename_only,UNRESOLVED
ins_c9409c111a2d1c33,NSE,MARUTI,,,local_filename_only,UNRESOLVED
ins_6b5a0ce19db4c414,NSE,MAZDOCK,,,local_filename_only,UNRESOLVED
ins_501026995b11a999,NSE,MCX,,,local_filename_only,UNRESOLVED
ins_18906581f1544629,NSE,MEESHO,,,local_filename_only,UNRESOLVED
ins_4b6f41e0b62c333b,NSE,MFSL,,,local_filename_only,UNRESOLVED
ins_650aae602d12a247,NSE,MOTHERSON,,,local_filename_only,UNRESOLVED
ins_1375034844fdf5a5,NSE,MOTILALOFS,,,local_filename_only,UNRESOLVED
ins_1a7b0392d09fb193,NSE,MPHASIS,,,local_filename_only,UNRESOLVED
ins_f463ffae6bcebb83,NSE,MRF,,,local_filename_only,UNRESOLVED
ins_f55272739d75a2ad,NSE,MRPL,,,local_filename_only,UNRESOLVED
ins_c9b34b0a06ca2105,NSE,MUTHOOTFIN,,,local_filename_only,UNRESOLVED
ins_a67ed13a3fcb1676,NSE,NATCOPHARM,,,local_filename_only,UNRESOLVED
ins_788ecf696f6ee4a3,NSE,NATIONALUM,,,local_filename_only,UNRESOLVED
ins_98acee22ee6dae5b,NSE,NAUKRI,,,local_filename_only,UNRESOLVED
ins_a96d3b2c3ae7611d,NSE,NAVINFLUOR,,,local_filename_only,UNRESOLVED
ins_1e2ba25909401a05,NSE,NBCC,,,local_filename_only,UNRESOLVED
ins_d757f91c09e7ee35,NSE,NESTLEIND,,,local_filename_only,UNRESOLVED
ins_7936a60c62e50032,NSE,NETWEB,,,local_filename_only,UNRESOLVED
ins_6b7b16b8cd7a6362,NSE,NEULANDLAB,,,local_filename_only,UNRESOLVED
ins_87eb5b05d6eeefcf,NSE,NH,,,local_filename_only,UNRESOLVED
ins_fa96c730c705931e,NSE,NHPC,,,local_filename_only,UNRESOLVED
ins_43b829f8a03f8005,NSE,NMDC,,,local_filename_only,UNRESOLVED
ins_6199d60920ce09f0,NSE,NTPC,,,local_filename_only,UNRESOLVED
ins_4a0cdeb135b35a46,NSE,NUVAMA,,,local_filename_only,UNRESOLVED
ins_3d5a92ef65813217,NSE,NYKAA,,,local_filename_only,UNRESOLVED
ins_a82cfd2fb159dfc0,NSE,OBEROIRLTY,,,local_filename_only,UNRESOLVED
ins_e4ecc7820aa5d5bd,NSE,OFSS,,,local_filename_only,UNRESOLVED
ins_45518f8f91d197af,NSE,OIL,,,local_filename_only,UNRESOLVED
ins_580c0e35a8c6cd43,NSE,OLAELEC,,,local_filename_only,UNRESOLVED
ins_3f74951c53754444,NSE,ONGC,,,local_filename_only,UNRESOLVED
ins_5dd903dda62b2e8e,NSE,PAGEIND,,,local_filename_only,UNRESOLVED
ins_2abebf99efd6d55c,NSE,PATANJALI,,,local_filename_only,UNRESOLVED
ins_5ba3389818c85771,NSE,PAYTM,,,local_filename_only,UNRESOLVED
ins_f11c3cfd8e697d92,NSE,PERSISTENT,,,local_filename_only,UNRESOLVED
ins_904f7477d8717d99,NSE,PFC,,,local_filename_only,UNRESOLVED
ins_10c6b088c5ad938b,NSE,PGEL,,,local_filename_only,UNRESOLVED
ins_b102d8dc0be25b80,NSE,PHOENIXLTD,,,local_filename_only,UNRESOLVED
ins_ff39eb6ffcf63357,NSE,PIDILITIND,,,local_filename_only,UNRESOLVED
ins_bbe8a84e56b339ad,NSE,PIIND,,,local_filename_only,UNRESOLVED
ins_b47278f90d296edb,NSE,PINELABS,,,local_filename_only,UNRESOLVED
ins_2ae9ad7cfc1004b8,NSE,PIRAMALFIN,,,local_filename_only,UNRESOLVED
ins_0b6d6db1d6f81920,NSE,PNB,,,local_filename_only,UNRESOLVED
ins_4c9b88140f826aa8,NSE,PNBHOUSING,,,local_filename_only,UNRESOLVED
ins_f203b728ec5f0f92,NSE,POLICYBZR,,,local_filename_only,UNRESOLVED
ins_6e675b5844535941,NSE,POLYCAB,,,local_filename_only,UNRESOLVED
ins_085ea6a86e0605ee,NSE,POONAWALLA,,,local_filename_only,UNRESOLVED
ins_c68c316dd026e084,NSE,POWERGRID,,,local_filename_only,UNRESOLVED
ins_d45dc3b7aa25a2a7,NSE,POWERINDIA,,,local_filename_only,UNRESOLVED
ins_4ec0dddb4a5cae26,NSE,PPLPHARMA,,,local_filename_only,UNRESOLVED
ins_bc50e4a3cda06848,NSE,PREMIERENE,,,local_filename_only,UNRESOLVED
ins_d71a9ad4951f06f0,NSE,PRESTIGE,,,local_filename_only,UNRESOLVED
ins_a9136bd20a693e6f,NSE,PWL,,,local_filename_only,UNRESOLVED
ins_9878a0ffec3a3aab,NSE,RADICO,,,local_filename_only,UNRESOLVED
ins_0936092f9bdffe45,NSE,RAMCOCEM,,,local_filename_only,UNRESOLVED
ins_4238c35d616ba393,NSE,RBLBANK,,,local_filename_only,UNRESOLVED
ins_e8c305ca9a4447da,NSE,RECLTD,,,local_filename_only,UNRESOLVED
ins_d4ac636cf644191c,NSE,REDINGTON,,,local_filename_only,UNRESOLVED
ins_90431749177fe9a9,NSE,RELIANCE,,,local_filename_only,UNRESOLVED
ins_065a38f63d71a624,NSE,RPOWER,,,local_filename_only,UNRESOLVED
ins_a9f5df7ff95727fc,NSE,RVNL,,,local_filename_only,UNRESOLVED
ins_0bac70a46c02598c,NSE,SAGILITY,,,local_filename_only,UNRESOLVED
ins_e0cec0c9fd86910b,NSE,SAIL,,,local_filename_only,UNRESOLVED
ins_3edaff48d37e62ff,NSE,SAILIFE,,,local_filename_only,UNRESOLVED
ins_b9ffd81bde5b0af7,NSE,SARDAEN,,,local_filename_only,UNRESOLVED
ins_1717e34cc7c2365e,NSE,SBICARD,,,local_filename_only,UNRESOLVED
ins_2bb52ef7d79be5b4,NSE,SBILIFE,,,local_filename_only,UNRESOLVED
ins_4cafa4ab23254cfe,NSE,SBIN,,,local_filename_only,UNRESOLVED
ins_75890ec7fceecae8,NSE,SHREECEM,,,local_filename_only,UNRESOLVED
ins_5c05b6fc5af5ae2b,NSE,SHRIRAMFIN,,,local_filename_only,UNRESOLVED
ins_4826d9b11a843c1b,NSE,SIEMENS,,,local_filename_only,UNRESOLVED
ins_35f2989072c74156,NSE,SIGNATURE,,,local_filename_only,UNRESOLVED
ins_f78571e27981594b,NSE,SOLARINDS,,,local_filename_only,UNRESOLVED
ins_fb0d5c13b910c2c2,NSE,SONACOMS,,,local_filename_only,UNRESOLVED
ins_82b4a2ef295b69f3,NSE,SRF,,,local_filename_only,UNRESOLVED
ins_b257b8876dad008d,NSE,STARHEALTH,,,local_filename_only,UNRESOLVED
ins_374e980f16fb6a78,NSE,SUNPHARMA,,,local_filename_only,UNRESOLVED
ins_758fb1454b4dc509,NSE,SUPREMEIND,,,local_filename_only,UNRESOLVED
ins_6f4c913bc438b8aa,NSE,SUZLON,,,local_filename_only,UNRESOLVED
ins_c3b17472965f016f,NSE,SWANCORP,,,local_filename_only,UNRESOLVED
ins_81ab5607169dfca7,NSE,SWIGGY,,,local_filename_only,UNRESOLVED
ins_7f22a0287c21b5ba,NSE,SYNGENE,,,local_filename_only,UNRESOLVED
ins_f9ae94ce8f4b33b0,NSE,TATACAP,,,local_filename_only,UNRESOLVED
ins_f4524e7583309947,NSE,TATACHEM,,,local_filename_only,UNRESOLVED
ins_6975b21ac1c22f44,NSE,TATACOMM,,,local_filename_only,UNRESOLVED
ins_525e5b8c6ad62d09,NSE,TATAELXSI,,,local_filename_only,UNRESOLVED
ins_de95888d0049ca06,NSE,TATAINVEST,,,local_filename_only,UNRESOLVED
ins_bfa5a16d22a133b6,NSE,TATAPOWER,,,local_filename_only,UNRESOLVED
ins_0a7439a0ad0c0ca8,NSE,TATASTEEL,,,local_filename_only,UNRESOLVED
ins_e017cc78a3133ca9,NSE,TATATECH,,,local_filename_only,UNRESOLVED
ins_7ea0a1c444a2080d,NSE,TCS,,,local_filename_only,UNRESOLVED
ins_392fc38dd9821771,NSE,TECHM,,,local_filename_only,UNRESOLVED
ins_e5cd090f2da35e34,NSE,TENNIND,,,local_filename_only,UNRESOLVED
ins_348b98450230145d,NSE,TIINDIA,,,local_filename_only,UNRESOLVED
ins_6f8e80cf7eee8b70,NSE,TITAN,,,local_filename_only,UNRESOLVED
ins_d1426aaa92cfed6c,NSE,TMCV,,,local_filename_only,UNRESOLVED
ins_b01fcdcc1ee47066,NSE,TMPV,,,local_filename_only,UNRESOLVED
ins_3e6eb17e755198d6,NSE,TORNTPHARM,,,local_filename_only,UNRESOLVED
ins_5287d7527ae536b5,NSE,TRENT,,,local_filename_only,UNRESOLVED
ins_9a829eb36ce83375,NSE,TRITURBINE,,,local_filename_only,UNRESOLVED
ins_d71f4e407266845a,NSE,TVSMOTOR,,,local_filename_only,UNRESOLVED
ins_f0514fb227db53a1,NSE,ULTRACEMCO,,,local_filename_only,UNRESOLVED
ins_06d87c57090bd4c5,NSE,UNIONBANK,,,local_filename_only,UNRESOLVED
ins_eeaea4acc40a6149,NSE,UNITDSPR,,,local_filename_only,UNRESOLVED
ins_b8d22c3b8443d958,NSE,UPL,,,local_filename_only,UNRESOLVED
ins_bd139c6713781400,NSE,URBANCO,,,local_filename_only,UNRESOLVED
ins_b2ee35bd5949f2c7,NSE,VBL,,,local_filename_only,UNRESOLVED
ins_7b3d1e822103e83c,NSE,VEDL,,,local_filename_only,UNRESOLVED
ins_a8ae0ed56f209c44,NSE,VMM,,,local_filename_only,UNRESOLVED
ins_28d9aa3214d4f123,NSE,VOLTAS,,,local_filename_only,UNRESOLVED
ins_c78201db462f924f,NSE,WAAREEENER,,,local_filename_only,UNRESOLVED
ins_918488bbd94e901c,NSE,WELCORP,,,local_filename_only,UNRESOLVED
ins_9a899038e809e768,NSE,WHIRLPOOL,,,local_filename_only,UNRESOLVED
ins_d74f337d319f6836,NSE,WIPRO,,,local_filename_only,UNRESOLVED
ins_d606f85c209c7efd,NSE,WOCKPHARMA,,,local_filename_only,UNRESOLVED
ins_3477e79c8f149575,NSE,YESBANK,,,local_filename_only,UNRESOLVED
ins_2fd9e5eca7ca2e82,NSE,ZENSARTECH,,,local_filename_only,UNRESOLVED
ins_9481e7972eb0d320,NSE,ZYDUSLIFE,,,local_filename_only,UNRESOLVED
